{"cameraMode":{"drawMode":0,"name":"Shaded","section":"Shading Mode"},"sceneLighting":true,"audioPlay":false,"sceneViewState":{"m_AlwaysRefresh":false,"showFog":true,"showSkybox":true,"showFlares":true,"showImageEffects":true,"showParticleSystems":true,"showVisualEffectGraphs":true,"m_FxEnabled":true},"in2DMode":false,"pivot":{"x":8.006587028503418,"y":2.4085190296173097,"z":-2.922563076019287},"rotation":{"x":0.19367757439613343,"y":0.2143620252609253,"z":-0.04341131076216698,"w":0.9563778638839722},"size":12.416336059570313,"orthographic":false}